user_id,user_first_touch_timestamp,email,updated
UA000000107338110,1.59387E+15,blackburnjohn@gay.biz,2024-06-02T16:13:18.031+0000
UA000000107354520,1.59388E+15,reedjennifer@freeman.com,2024-06-02T16:13:18.031+0000
UA000000107359655,1.59388E+15,roberthubbard55@hotmail.com,2024-06-02T16:13:18.031+0000
UA000000107362264,1.59388E+15,amandafrazier@hotmail.com,2024-06-02T16:13:18.031+0000
UA000000107362440,1.59388E+15,laura65@garcia.biz,2024-06-02T16:13:18.031+0000
UA000000107363722,1.59388E+15,tmiller67@yahoo.com,2024-06-02T16:13:18.031+0000
UA000000107367850,1.59388E+15,xmartinez27@gmail.com,2024-06-02T16:13:18.031+0000
UA000000107370290,1.59388E+15,uflynn@anderson.com,2024-06-02T16:13:18.031+0000
UA000000107371743,1.59388E+15,nancyellis34@hotmail.com,2024-06-02T16:13:18.031+0000
UA000000107371836,1.59388E+15,nporter32@gmail.com,2024-06-02T16:13:18.031+0000
UA000000107372842,1.59388E+15,johnsontiffany9@yahoo.com,2024-06-02T16:13:18.031+0000
UA000000107373248,1.59388E+15,kyletaylor@hotmail.com,2024-06-02T16:13:18.031+0000
UA000000107374597,1.59388E+15,nalvarado76@gmail.com,2024-06-02T16:13:18.031+0000
UA000000107377002,1.59388E+15,bergergabriel@taylor.com,2024-06-02T16:13:18.031+0000
UA000000107377542,1.59388E+15,jonathandyer@hotmail.com,2024-06-02T16:13:18.031+0000
UA000000107377602,1.59388E+15,janetallen@moore-acosta.com,2024-06-02T16:13:18.031+0000
UA000000107378066,1.59388E+15,peterhodges@yahoo.com,2024-06-02T16:13:18.031+0000
UA000000107380134,1.59388E+15,ydavis47@hotmail.com,2024-06-02T16:13:18.031+0000
UA000000107381302,1.59388E+15,iguzman95@yahoo.com,2024-06-02T16:13:18.031+0000
UA000000107381817,1.59388E+15,ellislisa@thompson-chandler.org,2024-06-02T16:13:18.031+0000
UA000000107381951,1.59388E+15,eavila@baker-smith.com,2024-06-02T16:13:18.031+0000
UA000000107383420,1.59388E+15,,2024-06-02T16:13:18.031+0000
UA000000107383437,1.59388E+15,,2024-06-02T16:13:18.031+0000
UA000000107383471,1.59388E+15,,2024-06-02T16:13:18.031+0000
UA000000107383569,1.59388E+15,,2024-06-02T16:13:18.031+0000
UA000000107383640,1.59388E+15,,2024-06-02T16:13:18.031+0000
UA000000107383684,1.59388E+15,,2024-06-02T16:13:18.031+0000
UA000000107384160,1.59388E+15,,2024-06-02T16:13:18.031+0000
UA000000107384395,1.59388E+15,,2024-06-02T16:13:18.031+0000
UA000000107384470,1.59388E+15,,2024-06-02T16:13:18.031+0000
UA000000107384520,1.59388E+15,williamherrera@dudley-torres.org,2024-06-02T16:13:18.031+0000
UA000000107384520,1.59388E+15,,2024-06-02T16:13:18.031+0000
UA000000107384572,1.59388E+15,,2024-06-02T16:13:18.031+0000
UA000000107384587,1.59388E+15,,2024-06-02T16:13:18.031+0000
UA000000107384593,1.59388E+15,,2024-06-02T16:13:18.031+0000
UA000000107384617,1.59388E+15,,2024-06-02T16:13:18.031+0000
UA000000107384764,1.59388E+15,,2024-06-02T16:13:18.031+0000
UA000000107384966,1.59388E+15,,2024-06-02T16:13:18.031+0000
UA000000107385035,1.59388E+15,brett84@nguyen.com,2024-06-02T16:13:18.031+0000
UA000000107385035,1.59388E+15,,2024-06-02T16:13:18.031+0000
UA000000107385074,1.59388E+15,,2024-06-02T16:13:18.031+0000
UA000000107385075,1.59388E+15,,2024-06-02T16:13:18.031+0000
UA000000107385167,1.59388E+15,,2024-06-02T16:13:18.031+0000
UA000000107385277,1.59388E+15,,2024-06-02T16:13:18.031+0000
UA000000107385360,1.59388E+15,,2024-06-02T16:13:18.031+0000
UA000000107385374,1.59388E+15,,2024-06-02T16:13:18.031+0000
UA000000107385379,1.59388E+15,,2024-06-02T16:13:18.031+0000
UA000000107385467,1.59388E+15,,2024-06-02T16:13:18.031+0000
UA000000107385498,1.59388E+15,,2024-06-02T16:13:18.031+0000
UA000000107385525,1.59388E+15,,2024-06-02T16:13:18.031+0000
UA000000107385538,1.59388E+15,,2024-06-02T16:13:18.031+0000
UA000000107385552,1.59388E+15,,2024-06-02T16:13:18.031+0000
UA000000107385735,1.59388E+15,epatrick@bennett.com,2024-06-02T16:13:18.031+0000
UA000000107385735,1.59388E+15,,2024-06-02T16:13:18.031+0000
UA000000107385736,1.59388E+15,,2024-06-02T16:13:18.031+0000
UA000000107385886,1.59388E+15,,2024-06-02T16:13:18.031+0000
UA000000107385891,1.59388E+15,lallen@brown.biz,2024-06-02T16:13:18.031+0000
UA000000107385891,1.59388E+15,,2024-06-02T16:13:18.031+0000
UA000000107385910,1.59388E+15,,2024-06-02T16:13:18.031+0000
UA000000107386007,1.59388E+15,,2024-06-02T16:13:18.031+0000
UA000000107386246,1.59388E+15,,2024-06-02T16:13:18.031+0000
UA000000107386381,1.59388E+15,,2024-06-02T16:13:18.031+0000
UA000000107386398,1.59388E+15,,2024-06-02T16:13:18.031+0000
UA000000107386487,1.59388E+15,,2024-06-02T16:13:18.031+0000
UA000000107386571,1.59388E+15,,2024-06-02T16:13:18.031+0000
UA000000107386616,1.59388E+15,,2024-06-02T16:13:18.031+0000
UA000000107386620,1.59388E+15,michaelwilliamson@johnson-brown.com,2024-06-02T16:13:18.031+0000
UA000000107386620,1.59388E+15,,2024-06-02T16:13:18.031+0000
UA000000107386750,1.59388E+15,,2024-06-02T16:13:18.031+0000
UA000000107386821,1.59388E+15,,2024-06-02T16:13:18.031+0000
UA000000107386838,1.59388E+15,,2024-06-02T16:13:18.031+0000
UA000000107387009,1.59388E+15,,2024-06-02T16:13:18.031+0000
UA000000107387080,1.59388E+15,,2024-06-02T16:13:18.031+0000
UA000000107387088,1.59388E+15,,2024-06-02T16:13:18.031+0000
UA000000107387301,1.59388E+15,,2024-06-02T16:13:18.031+0000
UA000000107387492,1.59388E+15,,2024-06-02T16:13:18.031+0000
UA000000107387497,1.59388E+15,,2024-06-02T16:13:18.031+0000
UA000000107387499,1.59388E+15,,2024-06-02T16:13:18.031+0000
UA000000107387538,1.59388E+15,,2024-06-02T16:13:18.031+0000
UA000000107387543,1.59388E+15,,2024-06-02T16:13:18.031+0000
UA000000107387565,1.59388E+15,,2024-06-02T16:13:18.031+0000
UA000000107387598,1.59388E+15,,2024-06-02T16:13:18.031+0000
UA000000107387671,1.59388E+15,,2024-06-02T16:13:18.031+0000
UA000000107387703,1.59388E+15,,2024-06-02T16:13:18.031+0000
UA000000107387724,1.59388E+15,,2024-06-02T16:13:18.031+0000
UA000000107387734,1.59388E+15,,2024-06-02T16:13:18.031+0000
UA000000107387751,1.59388E+15,,2024-06-02T16:13:18.031+0000
UA000000107387780,1.59388E+15,,2024-06-02T16:13:18.031+0000
UA000000107387792,1.59388E+15,,2024-06-02T16:13:18.031+0000
UA000000107387840,1.59388E+15,,2024-06-02T16:13:18.031+0000
UA000000107387871,1.59388E+15,,2024-06-02T16:13:18.031+0000
UA000000107387989,1.59388E+15,,2024-06-02T16:13:18.031+0000
UA000000107388221,1.59388E+15,derrickmichael@hotmail.com,2024-06-02T16:13:18.031+0000
UA000000107388221,1.59388E+15,,2024-06-02T16:13:18.031+0000
UA000000107388271,1.59388E+15,,2024-06-02T16:13:18.031+0000
UA000000107388507,1.59388E+15,,2024-06-02T16:13:18.031+0000
UA000000107388510,1.59388E+15,,2024-06-02T16:13:18.031+0000
UA000000107388602,1.59388E+15,sylvia81@ellis.com,2024-06-02T16:13:18.031+0000
UA000000107388602,1.59388E+15,,2024-06-02T16:13:18.031+0000
UA000000107388624,1.59388E+15,,2024-06-02T16:13:18.031+0000
UA000000107388744,1.59388E+15,,2024-06-02T16:13:18.031+0000
UA000000107388777,1.59388E+15,,2024-06-02T16:13:18.031+0000
UA000000107388949,1.59388E+15,dawnanderson@bush.com,2024-06-02T16:13:18.031+0000
UA000000107388949,1.59388E+15,,2024-06-02T16:13:18.031+0000
UA000000107388952,1.59388E+15,,2024-06-02T16:13:18.031+0000
UA000000107388957,1.59388E+15,,2024-06-02T16:13:18.031+0000
UA000000107389020,1.59388E+15,,2024-06-02T16:13:18.031+0000
UA000000107389051,1.59388E+15,,2024-06-02T16:13:18.031+0000
UA000000107389053,1.59388E+15,robert34@gibson-collins.biz,2024-06-02T16:13:18.031+0000
UA000000107389053,1.59388E+15,,2024-06-02T16:13:18.031+0000
UA000000107389162,1.59388E+15,,2024-06-02T16:13:18.031+0000
UA000000107389284,1.59388E+15,,2024-06-02T16:13:18.031+0000
UA000000107389307,1.59388E+15,,2024-06-02T16:13:18.031+0000
UA000000107389309,1.59388E+15,,2024-06-02T16:13:18.031+0000
UA000000107389315,1.59388E+15,,2024-06-02T16:13:18.031+0000
UA000000107389329,1.59388E+15,,2024-06-02T16:13:18.031+0000
UA000000107389332,1.59388E+15,,2024-06-02T16:13:18.031+0000
UA000000107389629,1.59388E+15,,2024-06-02T16:13:18.031+0000
UA000000107389733,1.59388E+15,,2024-06-02T16:13:18.031+0000
UA000000107389773,1.59388E+15,,2024-06-02T16:13:18.031+0000
UA000000107389778,1.59388E+15,,2024-06-02T16:13:18.031+0000
UA000000107389877,1.59388E+15,,2024-06-02T16:13:18.031+0000
UA000000107389899,1.59388E+15,,2024-06-02T16:13:18.031+0000
UA000000107389940,1.59388E+15,,2024-06-02T16:13:18.031+0000
UA000000107390009,1.59388E+15,,2024-06-02T16:13:18.031+0000
UA000000107390200,1.59388E+15,,2024-06-02T16:13:18.031+0000
UA000000107390211,1.59388E+15,,2024-06-02T16:13:18.031+0000
UA000000107390220,1.59388E+15,,2024-06-02T16:13:18.031+0000
UA000000107390259,1.59388E+15,,2024-06-02T16:13:18.031+0000
UA000000107390289,1.59388E+15,,2024-06-02T16:13:18.031+0000
UA000000107390386,1.59388E+15,,2024-06-02T16:13:18.031+0000
UA000000107390544,1.59388E+15,,2024-06-02T16:13:18.031+0000
UA000000107390723,1.59388E+15,,2024-06-02T16:13:18.031+0000
UA000000107390788,1.59388E+15,,2024-06-02T16:13:18.031+0000
UA000000107390859,1.59388E+15,,2024-06-02T16:13:18.031+0000
UA000000107390971,1.59388E+15,,2024-06-02T16:13:18.031+0000
UA000000107390982,1.59388E+15,,2024-06-02T16:13:18.031+0000
UA000000107390999,1.59388E+15,,2024-06-02T16:13:18.031+0000
UA000000107391052,1.59388E+15,,2024-06-02T16:13:18.031+0000
UA000000107391079,1.59388E+15,,2024-06-02T16:13:18.031+0000
UA000000107391088,1.59388E+15,,2024-06-02T16:13:18.031+0000
UA000000107391135,1.59388E+15,,2024-06-02T16:13:18.031+0000
UA000000107391149,1.59388E+15,,2024-06-02T16:13:18.031+0000
UA000000107391172,1.59388E+15,,2024-06-02T16:13:18.031+0000
UA000000107391209,1.59388E+15,millerjonathan@hotmail.com,2024-06-02T16:13:18.031+0000
UA000000107391209,1.59388E+15,,2024-06-02T16:13:18.031+0000
UA000000107391368,1.59388E+15,christopher0850@gmail.com,2024-06-02T16:13:18.031+0000
UA000000107391368,1.59388E+15,,2024-06-02T16:13:18.031+0000
UA000000107391442,1.59388E+15,,2024-06-02T16:13:18.031+0000
UA000000107391553,1.59388E+15,,2024-06-02T16:13:18.031+0000
UA000000107391573,1.59388E+15,,2024-06-02T16:13:18.031+0000
UA000000107391597,1.59388E+15,,2024-06-02T16:13:18.031+0000
UA000000107391685,1.59388E+15,,2024-06-02T16:13:18.031+0000
UA000000107391697,1.59388E+15,,2024-06-02T16:13:18.031+0000
UA000000107391736,1.59388E+15,,2024-06-02T16:13:18.031+0000
UA000000107391768,1.59388E+15,,2024-06-02T16:13:18.031+0000
UA000000107391995,1.59388E+15,,2024-06-02T16:13:18.031+0000
UA000000107392032,1.59388E+15,,2024-06-02T16:13:18.031+0000
UA000000107392195,1.59388E+15,,2024-06-02T16:13:18.031+0000
UA000000107392221,1.59388E+15,,2024-06-02T16:13:18.031+0000
UA000000107392307,1.59388E+15,,2024-06-02T16:13:18.031+0000
UA000000107392409,1.59388E+15,,2024-06-02T16:13:18.031+0000
UA000000107392574,1.59388E+15,,2024-06-02T16:13:18.031+0000
UA000000107392636,1.59388E+15,,2024-06-02T16:13:18.031+0000
UA000000107392705,1.59388E+15,,2024-06-02T16:13:18.031+0000
UA000000107392855,1.59388E+15,nicholssandra@hotmail.com,2024-06-02T16:13:18.031+0000
UA000000107392855,1.59388E+15,,2024-06-02T16:13:18.031+0000
UA000000107392926,1.59388E+15,,2024-06-02T16:13:18.031+0000
UA000000107392958,1.59388E+15,,2024-06-02T16:13:18.031+0000
UA000000107392960,1.59388E+15,,2024-06-02T16:13:18.031+0000
UA000000107393148,1.59388E+15,,2024-06-02T16:13:18.031+0000
UA000000107393204,1.59388E+15,,2024-06-02T16:13:18.031+0000
UA000000107393208,1.59388E+15,,2024-06-02T16:13:18.031+0000
UA000000107393224,1.59388E+15,,2024-06-02T16:13:18.031+0000
UA000000107393336,1.59388E+15,,2024-06-02T16:13:18.031+0000
UA000000107393392,1.59388E+15,,2024-06-02T16:13:18.031+0000
UA000000107393406,1.59388E+15,,2024-06-02T16:13:18.031+0000
UA000000107393733,1.59388E+15,,2024-06-02T16:13:18.031+0000
UA000000107393857,1.59388E+15,,2024-06-02T16:13:18.031+0000
UA000000107393878,1.59388E+15,,2024-06-02T16:13:18.031+0000
UA000000107393899,1.59388E+15,,2024-06-02T16:13:18.031+0000
UA000000107393963,1.59388E+15,,2024-06-02T16:13:18.031+0000
UA000000107393989,1.59388E+15,,2024-06-02T16:13:18.031+0000
UA000000107394114,1.59388E+15,,2024-06-02T16:13:18.031+0000
UA000000107394135,1.59388E+15,,2024-06-02T16:13:18.031+0000
UA000000107394136,1.59388E+15,,2024-06-02T16:13:18.031+0000
UA000000107394247,1.59388E+15,,2024-06-02T16:13:18.031+0000
UA000000107394461,1.59388E+15,,2024-06-02T16:13:18.031+0000
UA000000107394499,1.59388E+15,,2024-06-02T16:13:18.031+0000
UA000000107395112,1.59388E+15,,2024-06-02T16:13:18.031+0000
UA000000107395126,1.59388E+15,,2024-06-02T16:13:18.031+0000
UA000000107395136,1.59388E+15,,2024-06-02T16:13:18.031+0000
UA000000107395144,1.59388E+15,,2024-06-02T16:13:18.031+0000
UA000000107395200,1.59388E+15,,2024-06-02T16:13:18.031+0000
UA000000107395263,1.59388E+15,,2024-06-02T16:13:18.031+0000
UA000000107395355,1.59388E+15,,2024-06-02T16:13:18.031+0000
UA000000107395398,1.59388E+15,,2024-06-02T16:13:18.031+0000
UA000000107395489,1.59388E+15,,2024-06-02T16:13:18.031+0000
UA000000107395514,1.59388E+15,,2024-06-02T16:13:18.031+0000
UA000000107395526,1.59388E+15,,2024-06-02T16:13:18.031+0000
UA000000107395532,1.59388E+15,,2024-06-02T16:13:18.031+0000
UA000000107395750,1.59388E+15,,2024-06-02T16:13:18.031+0000
UA000000107395852,1.59388E+15,,2024-06-02T16:13:18.031+0000
UA000000107395854,1.59388E+15,,2024-06-02T16:13:18.031+0000
UA000000107396078,1.59388E+15,,2024-06-02T16:13:18.031+0000
UA000000107396111,1.59388E+15,,2024-06-02T16:13:18.031+0000
UA000000107396169,1.59388E+15,,2024-06-02T16:13:18.031+0000
UA000000107396225,1.59388E+15,,2024-06-02T16:13:18.031+0000
UA000000107396400,1.59388E+15,,2024-06-02T16:13:18.031+0000
UA000000107396431,1.59388E+15,,2024-06-02T16:13:18.031+0000
UA000000107396470,1.59388E+15,,2024-06-02T16:13:18.031+0000
UA000000107396518,1.59388E+15,,2024-06-02T16:13:18.031+0000
UA000000107396522,1.59388E+15,,2024-06-02T16:13:18.031+0000
UA000000107396590,1.59388E+15,,2024-06-02T16:13:18.031+0000
UA000000107396659,1.59388E+15,jordancain@yahoo.com,2024-06-02T16:13:18.031+0000
UA000000107396659,1.59388E+15,,2024-06-02T16:13:18.031+0000
UA000000107396804,1.59388E+15,,2024-06-02T16:13:18.031+0000
UA000000107396937,1.59388E+15,,2024-06-02T16:13:18.031+0000
UA000000107396952,1.59388E+15,,2024-06-02T16:13:18.031+0000
UA000000107397033,1.59388E+15,,2024-06-02T16:13:18.031+0000
UA000000107397037,1.59388E+15,,2024-06-02T16:13:18.031+0000
UA000000107397284,1.59388E+15,,2024-06-02T16:13:18.031+0000
UA000000107397299,1.59388E+15,,2024-06-02T16:13:18.031+0000
UA000000107397643,1.59388E+15,,2024-06-02T16:13:18.031+0000
UA000000107397728,1.59388E+15,,2024-06-02T16:13:18.031+0000
UA000000107397879,1.59388E+15,,2024-06-02T16:13:18.031+0000
UA000000107397950,1.59388E+15,,2024-06-02T16:13:18.031+0000
UA000000107397958,1.59388E+15,,2024-06-02T16:13:18.031+0000
UA000000107398037,1.59388E+15,,2024-06-02T16:13:18.031+0000
UA000000107398145,1.59388E+15,,2024-06-02T16:13:18.031+0000
UA000000107398535,1.59388E+15,jeffreycarr@smith.com,2024-06-02T16:13:18.031+0000
UA000000107398535,1.59388E+15,,2024-06-02T16:13:18.031+0000
UA000000107398550,1.59388E+15,,2024-06-02T16:13:18.031+0000
UA000000107398789,1.59388E+15,,2024-06-02T16:13:18.031+0000
UA000000107398797,1.59388E+15,,2024-06-02T16:13:18.031+0000
UA000000107398926,1.59388E+15,,2024-06-02T16:13:18.031+0000
UA000000107399074,1.59388E+15,,2024-06-02T16:13:18.031+0000
UA000000107399307,1.59388E+15,,2024-06-02T16:13:18.031+0000
UA000000107399425,1.59388E+15,,2024-06-02T16:13:18.031+0000
UA000000107399518,1.59388E+15,,2024-06-02T16:13:18.031+0000
UA000000107399545,1.59388E+15,,2024-06-02T16:13:18.031+0000
UA000000107399570,1.59388E+15,,2024-06-02T16:13:18.031+0000
UA000000107399610,1.59388E+15,,2024-06-02T16:13:18.031+0000
UA000000107399632,1.59388E+15,,2024-06-02T16:13:18.031+0000
UA000000107400035,1.59388E+15,,2024-06-02T16:13:18.031+0000
UA000000107362433,1.59388E+15,santanawilliam@munoz.biz,2024-06-02T16:13:18.031+0000
UA000000107386250,1.59388E+15,,2024-06-02T16:13:18.031+0000
UA000000107390169,1.59388E+15,,2024-06-02T16:13:18.031+0000
UA000000107391757,1.59388E+15,,2024-06-02T16:13:18.031+0000
UA000000107393013,1.59388E+15,,2024-06-02T16:13:18.031+0000
UA000000107399077,1.59388E+15,,2024-06-02T16:13:18.031+0000
UA000000107355987,1.59388E+15,robert03@cohen-kaiser.net,2024-06-02T16:13:18.031+0000
UA000000107356825,1.59388E+15,sullivanjohn@dunn.com,2024-06-02T16:13:18.031+0000
UA000000107362835,1.59388E+15,lucas59@murray-allison.com,2024-06-02T16:13:18.031+0000
UA000000107375364,1.59388E+15,james60@lyons.biz,2024-06-02T16:13:18.031+0000
UA000000107377392,1.59388E+15,richardsmith@lowe-fuller.com,2024-06-02T16:13:18.031+0000
UA000000107377819,1.59388E+15,jennaberry@yahoo.com,2024-06-02T16:13:18.031+0000
UA000000107378680,1.59388E+15,jjohnson85@gmail.com,2024-06-02T16:13:18.031+0000
UA000000107381244,1.59388E+15,krystal33@nichols-gonzales.biz,2024-06-02T16:13:18.031+0000
UA000000107382007,1.59388E+15,mflores35@gmail.com,2024-06-02T16:13:18.031+0000
UA000000107383039,1.59388E+15,phillipsrobert@jenkins-caldwell.com,2024-06-02T16:13:18.031+0000
UA000000107383270,1.59388E+15,,2024-06-02T16:13:18.031+0000
UA000000107383310,1.59388E+15,,2024-06-02T16:13:18.031+0000
UA000000107383319,1.59388E+15,,2024-06-02T16:13:18.031+0000
UA000000107383391,1.59388E+15,,2024-06-02T16:13:18.031+0000
UA000000107383453,1.59388E+15,,2024-06-02T16:13:18.031+0000
UA000000107383486,1.59388E+15,doughertydarlene@yahoo.com,2024-06-02T16:13:18.031+0000
UA000000107383486,1.59388E+15,,2024-06-02T16:13:18.031+0000
UA000000107383531,1.59388E+15,,2024-06-02T16:13:18.031+0000
UA000000107383635,1.59388E+15,,2024-06-02T16:13:18.031+0000
UA000000107383652,1.59388E+15,taylorspencer@hughes.com,2024-06-02T16:13:18.031+0000
UA000000107383652,1.59388E+15,,2024-06-02T16:13:18.031+0000
UA000000107383981,1.59388E+15,,2024-06-02T16:13:18.031+0000
UA000000107384172,1.59388E+15,brownjustin@yahoo.com,2024-06-02T16:13:18.031+0000
UA000000107384172,1.59388E+15,,2024-06-02T16:13:18.031+0000
UA000000107384208,1.59388E+15,sarahfields@vaughn.net,2024-06-02T16:13:18.031+0000
UA000000107384208,1.59388E+15,,2024-06-02T16:13:18.031+0000
UA000000107384227,1.59388E+15,,2024-06-02T16:13:18.031+0000
UA000000107384281,1.59388E+15,,2024-06-02T16:13:18.031+0000
UA000000107384398,1.59388E+15,,2024-06-02T16:13:18.031+0000
UA000000107384430,1.59388E+15,,2024-06-02T16:13:18.031+0000
UA000000107384438,1.59388E+15,,2024-06-02T16:13:18.031+0000
UA000000107384602,1.59388E+15,,2024-06-02T16:13:18.031+0000
UA000000107384682,1.59388E+15,carl60@cobb.com,2024-06-02T16:13:18.031+0000
UA000000107384682,1.59388E+15,,2024-06-02T16:13:18.031+0000
UA000000107384806,1.59388E+15,,2024-06-02T16:13:18.031+0000
UA000000107384818,1.59388E+15,,2024-06-02T16:13:18.031+0000
UA000000107384860,1.59388E+15,,2024-06-02T16:13:18.031+0000
UA000000107384903,1.59388E+15,,2024-06-02T16:13:18.031+0000
UA000000107384948,1.59388E+15,,2024-06-02T16:13:18.031+0000
UA000000107385001,1.59388E+15,,2024-06-02T16:13:18.031+0000
UA000000107385063,1.59388E+15,,2024-06-02T16:13:18.031+0000
UA000000107385097,1.59388E+15,,2024-06-02T16:13:18.031+0000
UA000000107385140,1.59388E+15,,2024-06-02T16:13:18.031+0000
UA000000107385170,1.59388E+15,,2024-06-02T16:13:18.031+0000
UA000000107385269,1.59388E+15,,2024-06-02T16:13:18.031+0000
UA000000107385415,1.59388E+15,,2024-06-02T16:13:18.031+0000
UA000000107385455,1.59388E+15,,2024-06-02T16:13:18.031+0000
UA000000107385531,1.59388E+15,jonathan47@jackson.com,2024-06-02T16:13:18.031+0000
UA000000107385531,1.59388E+15,,2024-06-02T16:13:18.031+0000
UA000000107385645,1.59388E+15,,2024-06-02T16:13:18.031+0000
UA000000107385738,1.59388E+15,,2024-06-02T16:13:18.031+0000
UA000000107385872,1.59388E+15,,2024-06-02T16:13:18.031+0000
UA000000107385958,1.59388E+15,,2024-06-02T16:13:18.031+0000
UA000000107386101,1.59388E+15,,2024-06-02T16:13:18.031+0000
UA000000107386109,1.59388E+15,,2024-06-02T16:13:18.031+0000
UA000000107386137,1.59388E+15,,2024-06-02T16:13:18.031+0000
UA000000107386170,1.59388E+15,,2024-06-02T16:13:18.031+0000
UA000000107386262,1.59388E+15,eperry59@gmail.com,2024-06-02T16:13:18.031+0000
UA000000107386262,1.59388E+15,,2024-06-02T16:13:18.031+0000
UA000000107386291,1.59388E+15,,2024-06-02T16:13:18.031+0000
UA000000107386311,1.59388E+15,,2024-06-02T16:13:18.031+0000
UA000000107386328,1.59388E+15,,2024-06-02T16:13:18.031+0000
UA000000107386390,1.59388E+15,,2024-06-02T16:13:18.031+0000
UA000000107386418,1.59388E+15,,2024-06-02T16:13:18.031+0000
UA000000107386464,1.59388E+15,,2024-06-02T16:13:18.031+0000
UA000000107386507,1.59388E+15,,2024-06-02T16:13:18.031+0000
UA000000107386622,1.59388E+15,,2024-06-02T16:13:18.031+0000
UA000000107386648,1.59388E+15,,2024-06-02T16:13:18.031+0000
UA000000107386733,1.59388E+15,,2024-06-02T16:13:18.031+0000
UA000000107386796,1.59388E+15,,2024-06-02T16:13:18.031+0000
UA000000107386834,1.59388E+15,,2024-06-02T16:13:18.031+0000
UA000000107386853,1.59388E+15,,2024-06-02T16:13:18.031+0000
UA000000107386855,1.59388E+15,,2024-06-02T16:13:18.031+0000
UA000000107386871,1.59388E+15,,2024-06-02T16:13:18.031+0000
UA000000107386871,1.59388E+15,fordcharles@mata.biz,2024-06-02T16:13:18.031+0000
UA000000107386926,1.59388E+15,,2024-06-02T16:13:18.031+0000
UA000000107387141,1.59388E+15,,2024-06-02T16:13:18.031+0000
UA000000107387142,1.59388E+15,,2024-06-02T16:13:18.031+0000
UA000000107387275,1.59388E+15,,2024-06-02T16:13:18.031+0000
UA000000107387295,1.59388E+15,,2024-06-02T16:13:18.031+0000
UA000000107387302,1.59388E+15,,2024-06-02T16:13:18.031+0000
UA000000107387396,1.59388E+15,,2024-06-02T16:13:18.031+0000
UA000000107387592,1.59388E+15,,2024-06-02T16:13:18.031+0000
UA000000107387609,1.59388E+15,,2024-06-02T16:13:18.031+0000
UA000000107387680,1.59388E+15,,2024-06-02T16:13:18.031+0000
UA000000107387701,1.59388E+15,,2024-06-02T16:13:18.031+0000
UA000000107387777,1.59388E+15,,2024-06-02T16:13:18.031+0000
UA000000107388026,1.59388E+15,,2024-06-02T16:13:18.031+0000
UA000000107388029,1.59388E+15,,2024-06-02T16:13:18.031+0000
UA000000107388034,1.59388E+15,,2024-06-02T16:13:18.031+0000
UA000000107388182,1.59388E+15,,2024-06-02T16:13:18.031+0000
UA000000107388217,1.59388E+15,robin93@yahoo.com,2024-06-02T16:13:18.031+0000
UA000000107388217,1.59388E+15,,2024-06-02T16:13:18.031+0000
UA000000107388218,1.59388E+15,,2024-06-02T16:13:18.031+0000
UA000000107388394,1.59388E+15,,2024-06-02T16:13:18.031+0000
UA000000107388547,1.59388E+15,,2024-06-02T16:13:18.031+0000
UA000000107388551,1.59388E+15,robertwatson@cohen.biz,2024-06-02T16:13:18.031+0000
UA000000107388551,1.59388E+15,,2024-06-02T16:13:18.031+0000
UA000000107388571,1.59388E+15,,2024-06-02T16:13:18.031+0000
UA000000107388621,1.59388E+15,tyu90@yahoo.com,2024-06-02T16:13:18.031+0000
UA000000107388621,1.59388E+15,,2024-06-02T16:13:18.031+0000
UA000000107388672,1.59388E+15,,2024-06-02T16:13:18.031+0000
UA000000107388886,1.59388E+15,,2024-06-02T16:13:18.031+0000
UA000000107388994,1.59388E+15,,2024-06-02T16:13:18.031+0000
UA000000107388998,1.59388E+15,,2024-06-02T16:13:18.031+0000
UA000000107389000,1.59388E+15,,2024-06-02T16:13:18.031+0000
UA000000107389025,1.59388E+15,,2024-06-02T16:13:18.031+0000
UA000000107389134,1.59388E+15,,2024-06-02T16:13:18.031+0000
UA000000107389189,1.59388E+15,,2024-06-02T16:13:18.031+0000
UA000000107389227,1.59388E+15,,2024-06-02T16:13:18.031+0000
UA000000107389466,1.59388E+15,,2024-06-02T16:13:18.031+0000
UA000000107389508,1.59388E+15,,2024-06-02T16:13:18.031+0000
UA000000107389522,1.59388E+15,,2024-06-02T16:13:18.031+0000
UA000000107389632,1.59388E+15,vvincent@rodriguez-robinson.info,2024-06-02T16:13:18.031+0000
UA000000107389632,1.59388E+15,,2024-06-02T16:13:18.031+0000
UA000000107389646,1.59388E+15,,2024-06-02T16:13:18.031+0000
UA000000107389648,1.59388E+15,,2024-06-02T16:13:18.031+0000
UA000000107389757,1.59388E+15,,2024-06-02T16:13:18.031+0000
UA000000107389777,1.59388E+15,,2024-06-02T16:13:18.031+0000
UA000000107389788,1.59388E+15,,2024-06-02T16:13:18.031+0000
UA000000107390001,1.59388E+15,,2024-06-02T16:13:18.031+0000
UA000000107390063,1.59388E+15,,2024-06-02T16:13:18.031+0000
UA000000107390077,1.59388E+15,,2024-06-02T16:13:18.031+0000
UA000000107390411,1.59388E+15,sanchezstephanie@myers.biz,2024-06-02T16:13:18.031+0000
UA000000107390411,1.59388E+15,,2024-06-02T16:13:18.031+0000
UA000000107390422,1.59388E+15,,2024-06-02T16:13:18.031+0000
UA000000107390507,1.59388E+15,,2024-06-02T16:13:18.031+0000
UA000000107390621,1.59388E+15,,2024-06-02T16:13:18.031+0000
UA000000107390629,1.59388E+15,,2024-06-02T16:13:18.031+0000
UA000000107390696,1.59388E+15,,2024-06-02T16:13:18.031+0000
UA000000107390698,1.59388E+15,epage@yahoo.com,2024-06-02T16:13:18.031+0000
UA000000107390698,1.59388E+15,,2024-06-02T16:13:18.031+0000
UA000000107390902,1.59388E+15,,2024-06-02T16:13:18.031+0000
UA000000107390954,1.59388E+15,,2024-06-02T16:13:18.031+0000
UA000000107390967,1.59388E+15,,2024-06-02T16:13:18.031+0000
UA000000107391000,1.59388E+15,,2024-06-02T16:13:18.031+0000
UA000000107391033,1.59388E+15,,2024-06-02T16:13:18.031+0000
UA000000107391194,1.59388E+15,,2024-06-02T16:13:18.031+0000
UA000000107391279,1.59388E+15,,2024-06-02T16:13:18.031+0000
UA000000107391351,1.59388E+15,,2024-06-02T16:13:18.031+0000
UA000000107391390,1.59388E+15,,2024-06-02T16:13:18.031+0000
UA000000107391424,1.59388E+15,,2024-06-02T16:13:18.031+0000
UA000000107391464,1.59388E+15,,2024-06-02T16:13:18.031+0000
UA000000107391569,1.59388E+15,,2024-06-02T16:13:18.031+0000
UA000000107391643,1.59388E+15,,2024-06-02T16:13:18.031+0000
UA000000107391793,1.59388E+15,,2024-06-02T16:13:18.031+0000
UA000000107391879,1.59388E+15,,2024-06-02T16:13:18.031+0000
UA000000107391898,1.59388E+15,,2024-06-02T16:13:18.031+0000
UA000000107391904,1.59388E+15,,2024-06-02T16:13:18.031+0000
UA000000107391928,1.59388E+15,,2024-06-02T16:13:18.031+0000
UA000000107391945,1.59388E+15,,2024-06-02T16:13:18.031+0000
UA000000107392048,1.59388E+15,,2024-06-02T16:13:18.031+0000
UA000000107392056,1.59388E+15,,2024-06-02T16:13:18.031+0000
UA000000107392081,1.59388E+15,,2024-06-02T16:13:18.031+0000
UA000000107392123,1.59388E+15,roger78@glover-kelly.net,2024-06-02T16:13:18.031+0000
UA000000107392123,1.59388E+15,,2024-06-02T16:13:18.031+0000
UA000000107392129,1.59388E+15,,2024-06-02T16:13:18.031+0000
UA000000107392173,1.59388E+15,,2024-06-02T16:13:18.031+0000
UA000000107392310,1.59388E+15,,2024-06-02T16:13:18.031+0000
UA000000107392333,1.59388E+15,,2024-06-02T16:13:18.031+0000
UA000000107392363,1.59388E+15,,2024-06-02T16:13:18.031+0000
UA000000107392393,1.59388E+15,,2024-06-02T16:13:18.031+0000
UA000000107392486,1.59388E+15,,2024-06-02T16:13:18.031+0000
UA000000107392506,1.59388E+15,,2024-06-02T16:13:18.031+0000
UA000000107392560,1.59388E+15,stephanie6542@yahoo.com,2024-06-02T16:13:18.031+0000
UA000000107392560,1.59388E+15,,2024-06-02T16:13:18.031+0000
UA000000107392672,1.59388E+15,,2024-06-02T16:13:18.031+0000
UA000000107392806,1.59388E+15,,2024-06-02T16:13:18.031+0000
UA000000107392818,1.59388E+15,,2024-06-02T16:13:18.031+0000
UA000000107392932,1.59388E+15,,2024-06-02T16:13:18.031+0000
UA000000107392949,1.59388E+15,,2024-06-02T16:13:18.031+0000
UA000000107393413,1.59388E+15,,2024-06-02T16:13:18.031+0000
UA000000107393415,1.59388E+15,,2024-06-02T16:13:18.031+0000
UA000000107393424,1.59388E+15,,2024-06-02T16:13:18.031+0000
UA000000107393497,1.59388E+15,,2024-06-02T16:13:18.031+0000
UA000000107393498,1.59388E+15,whiteheadashley@murphy.com,2024-06-02T16:13:18.031+0000
UA000000107393498,1.59388E+15,,2024-06-02T16:13:18.031+0000
UA000000107393650,1.59388E+15,,2024-06-02T16:13:18.031+0000
UA000000107393885,1.59388E+15,,2024-06-02T16:13:18.031+0000
UA000000107394070,1.59388E+15,,2024-06-02T16:13:18.031+0000
UA000000107394130,1.59388E+15,aaron0825@yahoo.com,2024-06-02T16:13:18.031+0000
UA000000107394130,1.59388E+15,,2024-06-02T16:13:18.031+0000
UA000000107394133,1.59388E+15,,2024-06-02T16:13:18.031+0000
UA000000107394152,1.59388E+15,,2024-06-02T16:13:18.031+0000
UA000000107394347,1.59388E+15,,2024-06-02T16:13:18.031+0000
UA000000107394901,1.59388E+15,,2024-06-02T16:13:18.031+0000
UA000000107394957,1.59388E+15,,2024-06-02T16:13:18.031+0000
UA000000107395096,1.59388E+15,,2024-06-02T16:13:18.031+0000
UA000000107395155,1.59388E+15,,2024-06-02T16:13:18.031+0000
UA000000107395172,1.59388E+15,,2024-06-02T16:13:18.031+0000
UA000000107395247,1.59388E+15,,2024-06-02T16:13:18.031+0000
UA000000107395303,1.59388E+15,,2024-06-02T16:13:18.031+0000
UA000000107395340,1.59388E+15,,2024-06-02T16:13:18.031+0000
UA000000107395420,1.59388E+15,,2024-06-02T16:13:18.031+0000
UA000000107395496,1.59388E+15,,2024-06-02T16:13:18.031+0000
UA000000107395607,1.59388E+15,,2024-06-02T16:13:18.031+0000
UA000000107395650,1.59388E+15,,2024-06-02T16:13:18.031+0000
UA000000107395675,1.59388E+15,,2024-06-02T16:13:18.031+0000
UA000000107395749,1.59388E+15,,2024-06-02T16:13:18.031+0000
UA000000107395817,1.59388E+15,,2024-06-02T16:13:18.031+0000
UA000000107395879,1.59388E+15,,2024-06-02T16:13:18.031+0000
UA000000107395892,1.59388E+15,terriblackwell@yahoo.com,2024-06-02T16:13:18.031+0000
UA000000107395892,1.59388E+15,,2024-06-02T16:13:18.031+0000
UA000000107395977,1.59388E+15,,2024-06-02T16:13:18.031+0000
UA000000107396130,1.59388E+15,,2024-06-02T16:13:18.031+0000
UA000000107396247,1.59388E+15,,2024-06-02T16:13:18.031+0000
UA000000107396266,1.59388E+15,,2024-06-02T16:13:18.031+0000
UA000000107396282,1.59388E+15,,2024-06-02T16:13:18.031+0000
UA000000107396286,1.59388E+15,,2024-06-02T16:13:18.031+0000
UA000000107396353,1.59388E+15,,2024-06-02T16:13:18.031+0000
UA000000107396442,1.59388E+15,,2024-06-02T16:13:18.031+0000
UA000000107396623,1.59388E+15,,2024-06-02T16:13:18.031+0000
UA000000107396632,1.59388E+15,,2024-06-02T16:13:18.031+0000
UA000000107396693,1.59388E+15,,2024-06-02T16:13:18.031+0000
UA000000107396767,1.59388E+15,,2024-06-02T16:13:18.031+0000
UA000000107396771,1.59388E+15,,2024-06-02T16:13:18.031+0000
UA000000107396856,1.59388E+15,,2024-06-02T16:13:18.031+0000
UA000000107396942,1.59388E+15,,2024-06-02T16:13:18.031+0000
UA000000107397075,1.59388E+15,kellyshawn@fitzgerald-becker.com,2024-06-02T16:13:18.031+0000
UA000000107397075,1.59388E+15,,2024-06-02T16:13:18.031+0000
UA000000107397243,1.59388E+15,,2024-06-02T16:13:18.031+0000
UA000000107397323,1.59388E+15,,2024-06-02T16:13:18.031+0000
UA000000107397356,1.59388E+15,,2024-06-02T16:13:18.031+0000
UA000000107397512,1.59388E+15,duffyjennifer@terrell.com,2024-06-02T16:13:18.031+0000
UA000000107397512,1.59388E+15,,2024-06-02T16:13:18.031+0000
UA000000107397586,1.59388E+15,,2024-06-02T16:13:18.031+0000
UA000000107397730,1.59388E+15,,2024-06-02T16:13:18.031+0000
UA000000107397831,1.59388E+15,,2024-06-02T16:13:18.031+0000
UA000000107397874,1.59388E+15,,2024-06-02T16:13:18.031+0000
UA000000107398326,1.59388E+15,,2024-06-02T16:13:18.031+0000
UA000000107398374,1.59388E+15,,2024-06-02T16:13:18.031+0000
UA000000107398441,1.59388E+15,,2024-06-02T16:13:18.031+0000
UA000000107398527,1.59388E+15,,2024-06-02T16:13:18.031+0000
UA000000107398537,1.59388E+15,,2024-06-02T16:13:18.031+0000
UA000000107398722,1.59388E+15,,2024-06-02T16:13:18.031+0000
UA000000107398756,1.59388E+15,,2024-06-02T16:13:18.031+0000
UA000000107398810,1.59388E+15,,2024-06-02T16:13:18.031+0000
UA000000107398902,1.59388E+15,,2024-06-02T16:13:18.031+0000
UA000000107398997,1.59388E+15,,2024-06-02T16:13:18.031+0000
UA000000107399000,1.59388E+15,,2024-06-02T16:13:18.031+0000
UA000000107399049,1.59388E+15,,2024-06-02T16:13:18.031+0000
UA000000107399057,1.59388E+15,,2024-06-02T16:13:18.031+0000
UA000000107399062,1.59388E+15,,2024-06-02T16:13:18.031+0000
UA000000107399063,1.59388E+15,,2024-06-02T16:13:18.031+0000
UA000000107399125,1.59388E+15,,2024-06-02T16:13:18.031+0000
UA000000107399212,1.59388E+15,,2024-06-02T16:13:18.031+0000
UA000000107399397,1.59388E+15,,2024-06-02T16:13:18.031+0000
UA000000107399435,1.59388E+15,,2024-06-02T16:13:18.031+0000
UA000000107399454,1.59388E+15,,2024-06-02T16:13:18.031+0000
UA000000107399457,1.59388E+15,,2024-06-02T16:13:18.031+0000
UA000000107399463,1.59388E+15,,2024-06-02T16:13:18.031+0000
UA000000107399467,1.59388E+15,,2024-06-02T16:13:18.031+0000
UA000000107399536,1.59388E+15,,2024-06-02T16:13:18.031+0000
UA000000107399571,1.59388E+15,,2024-06-02T16:13:18.031+0000
UA000000107399588,1.59388E+15,,2024-06-02T16:13:18.031+0000
UA000000107399602,1.59388E+15,,2024-06-02T16:13:18.031+0000
UA000000107399617,1.59388E+15,,2024-06-02T16:13:18.031+0000
UA000000107400002,1.59388E+15,,2024-06-02T16:13:18.031+0000
UA000000107335605,1.59387E+15,danielcarrillo@smith.com,2024-06-02T16:13:18.031+0000
UA000000107342625,1.59387E+15,xjoseph@miller.biz,2024-06-02T16:13:18.031+0000
UA000000107347151,1.59388E+15,melissamcdaniel@gmail.com,2024-06-02T16:13:18.031+0000
UA000000107349198,1.59388E+15,hwhite@hall.com,2024-06-02T16:13:18.031+0000
UA000000107361913,1.59388E+15,nancyrussell@yahoo.com,2024-06-02T16:13:18.031+0000
UA000000107365477,1.59388E+15,jessicamoore@harris-moore.com,2024-06-02T16:13:18.031+0000
UA000000107367865,1.59388E+15,mtownsend47@hotmail.com,2024-06-02T16:13:18.031+0000
UA000000107371595,1.59388E+15,shanecarter@snyder.com,2024-06-02T16:13:18.031+0000
UA000000107372677,1.59388E+15,wilsonkrista@gmail.com,2024-06-02T16:13:18.031+0000
UA000000107374412,1.59388E+15,manuel42@harris.net,2024-06-02T16:13:18.031+0000
UA000000107375977,1.59388E+15,michellegriffin@yahoo.com,2024-06-02T16:13:18.031+0000
UA000000107377316,1.59388E+15,shill44@gmail.com,2024-06-02T16:13:18.031+0000
UA000000107378168,1.59388E+15,walterlarson@gmail.com,2024-06-02T16:13:18.031+0000
UA000000107378356,1.59388E+15,james23@robinson-johnson.info,2024-06-02T16:13:18.031+0000
UA000000107378765,1.59388E+15,hortondavid@jones.biz,2024-06-02T16:13:18.031+0000
UA000000107382070,1.59388E+15,lewisderek30@gmail.com,2024-06-02T16:13:18.031+0000
UA000000107382157,1.59388E+15,mlee@avery.com,2024-06-02T16:13:18.031+0000
UA000000107382233,1.59388E+15,david75@anderson.org,2024-06-02T16:13:18.031+0000
UA000000107382322,1.59388E+15,isaac12@noble.com,2024-06-02T16:13:18.031+0000
UA000000107383267,1.59388E+15,,2024-06-02T16:13:18.031+0000
UA000000107383284,1.59388E+15,burnslisa@evans.com,2024-06-02T16:13:18.031+0000
UA000000107383284,1.59388E+15,,2024-06-02T16:13:18.031+0000
UA000000107383287,1.59388E+15,,2024-06-02T16:13:18.031+0000
UA000000107383410,1.59388E+15,,2024-06-02T16:13:18.031+0000
UA000000107383456,1.59388E+15,,2024-06-02T16:13:18.031+0000
UA000000107383558,1.59388E+15,,2024-06-02T16:13:18.031+0000
UA000000107383593,1.59388E+15,,2024-06-02T16:13:18.031+0000
UA000000107383761,1.59388E+15,,2024-06-02T16:13:18.031+0000
UA000000107383793,1.59388E+15,,2024-06-02T16:13:18.031+0000
UA000000107383819,1.59388E+15,,2024-06-02T16:13:18.031+0000
UA000000107383849,1.59388E+15,,2024-06-02T16:13:18.031+0000
UA000000107383998,1.59388E+15,,2024-06-02T16:13:18.031+0000
UA000000107384115,1.59388E+15,,2024-06-02T16:13:18.031+0000
UA000000107384127,1.59388E+15,,2024-06-02T16:13:18.031+0000
UA000000107384137,1.59388E+15,,2024-06-02T16:13:18.031+0000
UA000000107384229,1.59388E+15,camerontammy@evans.com,2024-06-02T16:13:18.031+0000
UA000000107384229,1.59388E+15,,2024-06-02T16:13:18.031+0000
UA000000107384267,1.59388E+15,,2024-06-02T16:13:18.031+0000
UA000000107384338,1.59388E+15,,2024-06-02T16:13:18.031+0000
UA000000107384516,1.59388E+15,,2024-06-02T16:13:18.031+0000
UA000000107384717,1.59388E+15,,2024-06-02T16:13:18.031+0000
UA000000107384820,1.59388E+15,,2024-06-02T16:13:18.031+0000
UA000000107384910,1.59388E+15,shawngregory@fisher.com,2024-06-02T16:13:18.031+0000
UA000000107384910,1.59388E+15,,2024-06-02T16:13:18.031+0000
UA000000107385006,1.59388E+15,,2024-06-02T16:13:18.031+0000
UA000000107385009,1.59388E+15,,2024-06-02T16:13:18.031+0000
UA000000107385010,1.59388E+15,,2024-06-02T16:13:18.031+0000
UA000000107385013,1.59388E+15,kevin27@daniel.info,2024-06-02T16:13:18.031+0000
UA000000107385013,1.59388E+15,,2024-06-02T16:13:18.031+0000
UA000000107385309,1.59388E+15,,2024-06-02T16:13:18.031+0000
UA000000107385311,1.59388E+15,,2024-06-02T16:13:18.031+0000
UA000000107385343,1.59388E+15,,2024-06-02T16:13:18.031+0000
UA000000107385464,1.59388E+15,,2024-06-02T16:13:18.031+0000
UA000000107385543,1.59388E+15,crawfordjennifer43@hotmail.com,2024-06-02T16:13:18.031+0000
UA000000107385543,1.59388E+15,,2024-06-02T16:13:18.031+0000
UA000000107385582,1.59388E+15,,2024-06-02T16:13:18.031+0000
UA000000107385625,1.59388E+15,,2024-06-02T16:13:18.031+0000
UA000000107385788,1.59388E+15,,2024-06-02T16:13:18.031+0000
UA000000107385819,1.59388E+15,,2024-06-02T16:13:18.031+0000
UA000000107385948,1.59388E+15,,2024-06-02T16:13:18.031+0000
UA000000107386035,1.59388E+15,,2024-06-02T16:13:18.031+0000
UA000000107386042,1.59388E+15,,2024-06-02T16:13:18.031+0000
UA000000107386078,1.59388E+15,,2024-06-02T16:13:18.031+0000
UA000000107386316,1.59388E+15,,2024-06-02T16:13:18.031+0000
UA000000107386426,1.59388E+15,,2024-06-02T16:13:18.031+0000
UA000000107386483,1.59388E+15,,2024-06-02T16:13:18.031+0000
UA000000107386736,1.59388E+15,,2024-06-02T16:13:18.031+0000
UA000000107386873,1.59388E+15,,2024-06-02T16:13:18.031+0000
UA000000107386923,1.59388E+15,lisa6759@gmail.com,2024-06-02T16:13:18.031+0000
UA000000107386923,1.59388E+15,,2024-06-02T16:13:18.031+0000
UA000000107386980,1.59388E+15,murphyjoshua52@gmail.com,2024-06-02T16:13:18.031+0000
UA000000107386980,1.59388E+15,,2024-06-02T16:13:18.031+0000
UA000000107386989,1.59388E+15,,2024-06-02T16:13:18.031+0000
UA000000107387111,1.59388E+15,jessica90@chavez.org,2024-06-02T16:13:18.031+0000
UA000000107387111,1.59388E+15,,2024-06-02T16:13:18.031+0000
UA000000107387351,1.59388E+15,,2024-06-02T16:13:18.031+0000
UA000000107387375,1.59388E+15,,2024-06-02T16:13:18.031+0000
UA000000107387491,1.59388E+15,,2024-06-02T16:13:18.031+0000
UA000000107387512,1.59388E+15,,2024-06-02T16:13:18.031+0000
UA000000107387518,1.59388E+15,,2024-06-02T16:13:18.031+0000
UA000000107387698,1.59388E+15,,2024-06-02T16:13:18.031+0000
UA000000107387752,1.59388E+15,,2024-06-02T16:13:18.031+0000
UA000000107387864,1.59388E+15,,2024-06-02T16:13:18.031+0000
UA000000107387951,1.59388E+15,,2024-06-02T16:13:18.031+0000
UA000000107388009,1.59388E+15,,2024-06-02T16:13:18.031+0000
UA000000107388014,1.59388E+15,,2024-06-02T16:13:18.031+0000
UA000000107388054,1.59388E+15,,2024-06-02T16:13:18.031+0000
UA000000107388089,1.59388E+15,,2024-06-02T16:13:18.031+0000
UA000000107388131,1.59388E+15,,2024-06-02T16:13:18.031+0000
UA000000107388141,1.59388E+15,,2024-06-02T16:13:18.031+0000
UA000000107388229,1.59388E+15,,2024-06-02T16:13:18.031+0000
UA000000107388351,1.59388E+15,,2024-06-02T16:13:18.031+0000
UA000000107388503,1.59388E+15,,2024-06-02T16:13:18.031+0000
UA000000107388595,1.59388E+15,alejandro75@yahoo.com,2024-06-02T16:13:18.031+0000
UA000000107388595,1.59388E+15,,2024-06-02T16:13:18.031+0000
UA000000107388696,1.59388E+15,,2024-06-02T16:13:18.031+0000
UA000000107388969,1.59388E+15,,2024-06-02T16:13:18.031+0000
UA000000107389013,1.59388E+15,,2024-06-02T16:13:18.031+0000
UA000000107389017,1.59388E+15,,2024-06-02T16:13:18.031+0000
UA000000107389068,1.59388E+15,,2024-06-02T16:13:18.031+0000
UA000000107389076,1.59388E+15,,2024-06-02T16:13:18.031+0000
UA000000107389087,1.59388E+15,,2024-06-02T16:13:18.031+0000
UA000000107389130,1.59388E+15,,2024-06-02T16:13:18.031+0000
UA000000107389199,1.59388E+15,,2024-06-02T16:13:18.031+0000
UA000000107389258,1.59388E+15,,2024-06-02T16:13:18.031+0000
UA000000107389261,1.59388E+15,,2024-06-02T16:13:18.031+0000
UA000000107389264,1.59388E+15,,2024-06-02T16:13:18.031+0000
UA000000107389336,1.59388E+15,,2024-06-02T16:13:18.031+0000
UA000000107389384,1.59388E+15,,2024-06-02T16:13:18.031+0000
UA000000107389462,1.59388E+15,,2024-06-02T16:13:18.031+0000
UA000000107389688,1.59388E+15,,2024-06-02T16:13:18.031+0000
UA000000107389731,1.59388E+15,,2024-06-02T16:13:18.031+0000
UA000000107389754,1.59388E+15,,2024-06-02T16:13:18.031+0000
UA000000107389875,1.59388E+15,,2024-06-02T16:13:18.031+0000
UA000000107389927,1.59388E+15,,2024-06-02T16:13:18.031+0000
UA000000107389938,1.59388E+15,,2024-06-02T16:13:18.031+0000
UA000000107389986,1.59388E+15,perryedward@wong.net,2024-06-02T16:13:18.031+0000
UA000000107389986,1.59388E+15,,2024-06-02T16:13:18.031+0000
UA000000107390061,1.59388E+15,,2024-06-02T16:13:18.031+0000
UA000000107390083,1.59388E+15,grimesjeffrey@gmail.com,2024-06-02T16:13:18.031+0000
UA000000107390083,1.59388E+15,,2024-06-02T16:13:18.031+0000
UA000000107390136,1.59388E+15,,2024-06-02T16:13:18.031+0000
UA000000107390157,1.59388E+15,,2024-06-02T16:13:18.031+0000
UA000000107390329,1.59388E+15,,2024-06-02T16:13:18.031+0000
UA000000107390474,1.59388E+15,,2024-06-02T16:13:18.031+0000
UA000000107390706,1.59388E+15,,2024-06-02T16:13:18.031+0000
UA000000107390744,1.59388E+15,,2024-06-02T16:13:18.031+0000
UA000000107390813,1.59388E+15,,2024-06-02T16:13:18.031+0000
UA000000107391248,1.59388E+15,,2024-06-02T16:13:18.031+0000
UA000000107391283,1.59388E+15,,2024-06-02T16:13:18.031+0000
UA000000107391285,1.59388E+15,,2024-06-02T16:13:18.031+0000
UA000000107391300,1.59388E+15,,2024-06-02T16:13:18.031+0000
UA000000107391311,1.59388E+15,,2024-06-02T16:13:18.031+0000
UA000000107391367,1.59388E+15,,2024-06-02T16:13:18.031+0000
UA000000107391449,1.59388E+15,,2024-06-02T16:13:18.031+0000
UA000000107391668,1.59388E+15,,2024-06-02T16:13:18.031+0000
UA000000107391692,1.59388E+15,,2024-06-02T16:13:18.031+0000
UA000000107391718,1.59388E+15,,2024-06-02T16:13:18.031+0000
UA000000107391820,1.59388E+15,,2024-06-02T16:13:18.031+0000
UA000000107391864,1.59388E+15,,2024-06-02T16:13:18.031+0000
UA000000107392001,1.59388E+15,sjones@woods-thomas.com,2024-06-02T16:13:18.031+0000
UA000000107392001,1.59388E+15,,2024-06-02T16:13:18.031+0000
UA000000107392004,1.59388E+15,,2024-06-02T16:13:18.031+0000
UA000000107392157,1.59388E+15,,2024-06-02T16:13:18.031+0000
UA000000107392458,1.59388E+15,,2024-06-02T16:13:18.031+0000
UA000000107392513,1.59388E+15,,2024-06-02T16:13:18.031+0000
UA000000107392696,1.59388E+15,,2024-06-02T16:13:18.031+0000
UA000000107392745,1.59388E+15,,2024-06-02T16:13:18.031+0000
UA000000107392911,1.59388E+15,,2024-06-02T16:13:18.031+0000
UA000000107392935,1.59388E+15,,2024-06-02T16:13:18.031+0000
UA000000107392955,1.59388E+15,,2024-06-02T16:13:18.031+0000
UA000000107392966,1.59388E+15,,2024-06-02T16:13:18.031+0000
UA000000107392970,1.59388E+15,,2024-06-02T16:13:18.031+0000
UA000000107393002,1.59388E+15,,2024-06-02T16:13:18.031+0000
UA000000107393151,1.59388E+15,,2024-06-02T16:13:18.031+0000
UA000000107393173,1.59388E+15,,2024-06-02T16:13:18.031+0000
UA000000107393213,1.59388E+15,,2024-06-02T16:13:18.031+0000
UA000000107393216,1.59388E+15,,2024-06-02T16:13:18.031+0000
UA000000107393216,1.59388E+15,jennifer8558@yahoo.com,2024-06-02T16:13:18.031+0000
UA000000107393334,1.59388E+15,,2024-06-02T16:13:18.031+0000
UA000000107393371,1.59388E+15,,2024-06-02T16:13:18.031+0000
UA000000107393545,1.59388E+15,,2024-06-02T16:13:18.031+0000
UA000000107393601,1.59388E+15,,2024-06-02T16:13:18.031+0000
UA000000107393693,1.59388E+15,,2024-06-02T16:13:18.031+0000
UA000000107393701,1.59388E+15,,2024-06-02T16:13:18.031+0000
UA000000107393850,1.59388E+15,,2024-06-02T16:13:18.031+0000
UA000000107394058,1.59388E+15,,2024-06-02T16:13:18.031+0000
UA000000107394060,1.59388E+15,,2024-06-02T16:13:18.031+0000
UA000000107394098,1.59388E+15,,2024-06-02T16:13:18.031+0000
UA000000107394170,1.59388E+15,,2024-06-02T16:13:18.031+0000
UA000000107394315,1.59388E+15,,2024-06-02T16:13:18.031+0000
UA000000107394333,1.59388E+15,,2024-06-02T16:13:18.031+0000
UA000000107394419,1.59388E+15,,2024-06-02T16:13:18.031+0000
UA000000107394485,1.59388E+15,,2024-06-02T16:13:18.031+0000
UA000000107394488,1.59388E+15,,2024-06-02T16:13:18.031+0000
UA000000107394509,1.59388E+15,,2024-06-02T16:13:18.031+0000
UA000000107394817,1.59388E+15,,2024-06-02T16:13:18.031+0000
UA000000107394869,1.59388E+15,,2024-06-02T16:13:18.031+0000
UA000000107394978,1.59388E+15,,2024-06-02T16:13:18.031+0000
UA000000107395153,1.59388E+15,,2024-06-02T16:13:18.031+0000
UA000000107395231,1.59388E+15,,2024-06-02T16:13:18.031+0000
UA000000107395385,1.59388E+15,,2024-06-02T16:13:18.031+0000
UA000000107395391,1.59388E+15,,2024-06-02T16:13:18.031+0000
UA000000107395417,1.59388E+15,,2024-06-02T16:13:18.031+0000
UA000000107395424,1.59388E+15,,2024-06-02T16:13:18.031+0000
UA000000107395545,1.59388E+15,melissaduncan@hotmail.com,2024-06-02T16:13:18.031+0000
UA000000107395545,1.59388E+15,melissaduncan@hotmail.com,2024-06-02T16:13:18.031+0000
UA000000107395627,1.59388E+15,,2024-06-02T16:13:18.031+0000
UA000000107395800,1.59388E+15,,2024-06-02T16:13:18.031+0000
UA000000107395804,1.59388E+15,,2024-06-02T16:13:18.031+0000
UA000000107395875,1.59388E+15,,2024-06-02T16:13:18.031+0000
UA000000107395896,1.59388E+15,,2024-06-02T16:13:18.031+0000
UA000000107395924,1.59388E+15,,2024-06-02T16:13:18.031+0000
UA000000107396002,1.59388E+15,,2024-06-02T16:13:18.031+0000
UA000000107396074,1.59388E+15,hmurphy@roy.info,2024-06-02T16:13:18.031+0000
UA000000107396074,1.59388E+15,hmurphy@roy.info,2024-06-02T16:13:18.031+0000
UA000000107396233,1.59388E+15,,2024-06-02T16:13:18.031+0000
UA000000107396409,1.59388E+15,,2024-06-02T16:13:18.031+0000
UA000000107396498,1.59388E+15,,2024-06-02T16:13:18.031+0000
UA000000107396628,1.59388E+15,,2024-06-02T16:13:18.031+0000
UA000000107396689,1.59388E+15,,2024-06-02T16:13:18.031+0000
UA000000107396790,1.59388E+15,,2024-06-02T16:13:18.031+0000
UA000000107396962,1.59388E+15,,2024-06-02T16:13:18.031+0000
UA000000107397092,1.59388E+15,,2024-06-02T16:13:18.031+0000
UA000000107397093,1.59388E+15,,2024-06-02T16:13:18.031+0000
UA000000107397153,1.59388E+15,,2024-06-02T16:13:18.031+0000
UA000000107397203,1.59388E+15,,2024-06-02T16:13:18.031+0000
UA000000107397260,1.59388E+15,,2024-06-02T16:13:18.031+0000
UA000000107397380,1.59388E+15,,2024-06-02T16:13:18.031+0000
UA000000107397410,1.59388E+15,,2024-06-02T16:13:18.031+0000
UA000000107397438,1.59388E+15,,2024-06-02T16:13:18.031+0000
UA000000107397466,1.59388E+15,,2024-06-02T16:13:18.031+0000
UA000000107397639,1.59388E+15,,2024-06-02T16:13:18.031+0000
UA000000107397786,1.59388E+15,,2024-06-02T16:13:18.031+0000
UA000000107397945,1.59388E+15,,2024-06-02T16:13:18.031+0000
UA000000107398030,1.59388E+15,,2024-06-02T16:13:18.031+0000
UA000000107398054,1.59388E+15,,2024-06-02T16:13:18.031+0000
UA000000107398159,1.59388E+15,barberpamela@hotmail.com,2024-06-02T16:13:18.031+0000
UA000000107398159,1.59388E+15,,2024-06-02T16:13:18.031+0000
UA000000107398192,1.59388E+15,,2024-06-02T16:13:18.031+0000
UA000000107398352,1.59388E+15,,2024-06-02T16:13:18.031+0000
UA000000107398573,1.59388E+15,,2024-06-02T16:13:18.031+0000
UA000000107398586,1.59388E+15,,2024-06-02T16:13:18.031+0000
UA000000107398646,1.59388E+15,,2024-06-02T16:13:18.031+0000
UA000000107398724,1.59388E+15,,2024-06-02T16:13:18.031+0000
UA000000107398938,1.59388E+15,,2024-06-02T16:13:18.031+0000
UA000000107398940,1.59388E+15,,2024-06-02T16:13:18.031+0000
UA000000107399085,1.59388E+15,,2024-06-02T16:13:18.031+0000
UA000000107399099,1.59388E+15,,2024-06-02T16:13:18.031+0000
UA000000107399155,1.59388E+15,,2024-06-02T16:13:18.031+0000
UA000000107399266,1.59388E+15,,2024-06-02T16:13:18.031+0000
UA000000107399366,1.59388E+15,,2024-06-02T16:13:18.031+0000
UA000000107399382,1.59388E+15,,2024-06-02T16:13:18.031+0000
UA000000107399443,1.59388E+15,,2024-06-02T16:13:18.031+0000
UA000000107399512,1.59388E+15,,2024-06-02T16:13:18.031+0000
UA000000107399585,1.59388E+15,,2024-06-02T16:13:18.031+0000
UA000000107399615,1.59388E+15,,2024-06-02T16:13:18.031+0000
UA000000107399657,1.59388E+15,,2024-06-02T16:13:18.031+0000
UA000000107399705,1.59388E+15,,2024-06-02T16:13:18.031+0000
UA000000107399775,1.59388E+15,,2024-06-02T16:13:18.031+0000
UA000000107399799,1.59388E+15,,2024-06-02T16:13:18.031+0000
UA000000107399886,1.59388E+15,,2024-06-02T16:13:18.031+0000
UA000000107399960,1.59388E+15,,2024-06-02T16:13:18.031+0000
UA000000107400013,1.59388E+15,,2024-06-02T16:13:18.031+0000
UA000000107345540,1.59388E+15,theresahuber@yahoo.com,2024-06-02T16:13:18.031+0000
UA000000107351411,1.59388E+15,castrodavid@valdez.com,2024-06-02T16:13:18.031+0000
UA000000107358377,1.59388E+15,clintonadams@atkinson.com,2024-06-02T16:13:18.031+0000
UA000000107359287,1.59388E+15,vaughnjulie@tucker.biz,2024-06-02T16:13:18.031+0000
UA000000107363062,1.59388E+15,umoore@coleman.biz,2024-06-02T16:13:18.031+0000
UA000000107364635,1.59388E+15,nharrison@smith.org,2024-06-02T16:13:18.031+0000
UA000000107364719,1.59388E+15,natasha53@torres-vega.com,2024-06-02T16:13:18.031+0000
UA000000107367337,1.59388E+15,fernandofleming@martin.com,2024-06-02T16:13:18.031+0000
UA000000107371335,1.59388E+15,josephgary@middleton.com,2024-06-02T16:13:18.031+0000
UA000000107371410,1.59388E+15,brendacummings@higgins-stark.com,2024-06-02T16:13:18.031+0000
UA000000107372252,1.59388E+15,jeanne25@yahoo.com,2024-06-02T16:13:18.031+0000
UA000000107373000,1.59388E+15,elliottkevin@walker-watts.com,2024-06-02T16:13:18.031+0000
UA000000107373679,1.59388E+15,daisymckee@gmail.com,2024-06-02T16:13:18.031+0000
UA000000107373781,1.59388E+15,pamelawebster@moore.com,2024-06-02T16:13:18.031+0000
UA000000107375227,1.59388E+15,victorcox@reeves.info,2024-06-02T16:13:18.031+0000
UA000000107375260,1.59388E+15,brittanywagner@davidson.com,2024-06-02T16:13:18.031+0000
UA000000107375612,1.59388E+15,daniel7178@yahoo.com,2024-06-02T16:13:18.031+0000
UA000000107376004,1.59388E+15,mark5811@hotmail.com,2024-06-02T16:13:18.031+0000
UA000000107381418,1.59388E+15,anthony4521@yahoo.com,2024-06-02T16:13:18.031+0000
UA000000107381830,1.59388E+15,bushdeanna@jenkins-hamilton.com,2024-06-02T16:13:18.031+0000
UA000000107382717,1.59388E+15,schmidttammy@guzman.com,2024-06-02T16:13:18.031+0000
UA000000107383266,1.59388E+15,,2024-06-02T16:13:18.031+0000
UA000000107383324,1.59388E+15,,2024-06-02T16:13:18.031+0000
UA000000107383366,1.59388E+15,,2024-06-02T16:13:18.031+0000
UA000000107383372,1.59388E+15,,2024-06-02T16:13:18.031+0000
UA000000107383475,1.59388E+15,rmiranda@cunningham.com,2024-06-02T16:13:18.031+0000
UA000000107383475,1.59388E+15,,2024-06-02T16:13:18.031+0000
UA000000107383506,1.59388E+15,,2024-06-02T16:13:18.031+0000
UA000000107383610,1.59388E+15,,2024-06-02T16:13:18.031+0000
UA000000107383660,1.59388E+15,,2024-06-02T16:13:18.031+0000
UA000000107383745,1.59388E+15,,2024-06-02T16:13:18.031+0000
UA000000107383781,1.59388E+15,,2024-06-02T16:13:18.031+0000
UA000000107383874,1.59388E+15,,2024-06-02T16:13:18.031+0000
UA000000107383917,1.59388E+15,,2024-06-02T16:13:18.031+0000
UA000000107384028,1.59388E+15,,2024-06-02T16:13:18.031+0000
UA000000107384107,1.59388E+15,,2024-06-02T16:13:18.031+0000
UA000000107384271,1.59388E+15,,2024-06-02T16:13:18.031+0000
UA000000107384325,1.59388E+15,rperez@valenzuela-ali.org,2024-06-02T16:13:18.031+0000
UA000000107384325,1.59388E+15,,2024-06-02T16:13:18.031+0000
UA000000107384706,1.59388E+15,,2024-06-02T16:13:18.031+0000
UA000000107384796,1.59388E+15,butleralyssa@gmail.com,2024-06-02T16:13:18.031+0000
UA000000107384796,1.59388E+15,,2024-06-02T16:13:18.031+0000
UA000000107384859,1.59388E+15,,2024-06-02T16:13:18.031+0000
UA000000107385017,1.59388E+15,,2024-06-02T16:13:18.031+0000
UA000000107385236,1.59388E+15,ebarton@bradley-rodriguez.biz,2024-06-02T16:13:18.031+0000
UA000000107385236,1.59388E+15,,2024-06-02T16:13:18.031+0000
UA000000107385246,1.59388E+15,,2024-06-02T16:13:18.031+0000
UA000000107385248,1.59388E+15,,2024-06-02T16:13:18.031+0000
UA000000107385431,1.59388E+15,,2024-06-02T16:13:18.031+0000
UA000000107385488,1.59388E+15,,2024-06-02T16:13:18.031+0000
UA000000107385524,1.59388E+15,,2024-06-02T16:13:18.031+0000
UA000000107385630,1.59388E+15,wilsonalexandra@williams.com,2024-06-02T16:13:18.031+0000
UA000000107385630,1.59388E+15,,2024-06-02T16:13:18.031+0000
UA000000107385793,1.59388E+15,,2024-06-02T16:13:18.031+0000
UA000000107386304,1.59388E+15,,2024-06-02T16:13:18.031+0000
UA000000107386371,1.59388E+15,,2024-06-02T16:13:18.031+0000
UA000000107386580,1.59388E+15,,2024-06-02T16:13:18.031+0000
UA000000107386650,1.59388E+15,,2024-06-02T16:13:18.031+0000
UA000000107386770,1.59388E+15,kacosta46@hotmail.com,2024-06-02T16:13:18.031+0000
UA000000107386770,1.59388E+15,,2024-06-02T16:13:18.031+0000
UA000000107386894,1.59388E+15,,2024-06-02T16:13:18.031+0000
UA000000107386963,1.59388E+15,,2024-06-02T16:13:18.031+0000
UA000000107387021,1.59388E+15,,2024-06-02T16:13:18.031+0000
UA000000107387053,1.59388E+15,,2024-06-02T16:13:18.031+0000
UA000000107387139,1.59388E+15,,2024-06-02T16:13:18.031+0000
UA000000107387154,1.59388E+15,,2024-06-02T16:13:18.031+0000
UA000000107387177,1.59388E+15,,2024-06-02T16:13:18.031+0000
UA000000107387455,1.59388E+15,,2024-06-02T16:13:18.031+0000
UA000000107387528,1.59388E+15,,2024-06-02T16:13:18.031+0000
UA000000107387529,1.59388E+15,,2024-06-02T16:13:18.031+0000
UA000000107387985,1.59388E+15,,2024-06-02T16:13:18.031+0000
UA000000107387996,1.59388E+15,,2024-06-02T16:13:18.031+0000
UA000000107388078,1.59388E+15,,2024-06-02T16:13:18.031+0000
UA000000107388154,1.59388E+15,,2024-06-02T16:13:18.031+0000
UA000000107388169,1.59388E+15,yellis@moore.com,2024-06-02T16:13:18.031+0000
UA000000107388169,1.59388E+15,,2024-06-02T16:13:18.031+0000
UA000000107388284,1.59388E+15,,2024-06-02T16:13:18.031+0000
UA000000107388298,1.59388E+15,,2024-06-02T16:13:18.031+0000
UA000000107388310,1.59388E+15,,2024-06-02T16:13:18.031+0000
UA000000107388355,1.59388E+15,,2024-06-02T16:13:18.031+0000
UA000000107388356,1.59388E+15,,2024-06-02T16:13:18.031+0000
UA000000107388454,1.59388E+15,,2024-06-02T16:13:18.031+0000
UA000000107388578,1.59388E+15,johnsonkatherine@goodwin-miller.info,2024-06-02T16:13:18.031+0000
UA000000107388578,1.59388E+15,,2024-06-02T16:13:18.031+0000
UA000000107388619,1.59388E+15,,2024-06-02T16:13:18.031+0000
UA000000107388649,1.59388E+15,,2024-06-02T16:13:18.031+0000
UA000000107388674,1.59388E+15,,2024-06-02T16:13:18.031+0000
UA000000107388729,1.59388E+15,,2024-06-02T16:13:18.031+0000
UA000000107388844,1.59388E+15,,2024-06-02T16:13:18.031+0000
UA000000107388895,1.59388E+15,timothy60@bush.net,2024-06-02T16:13:18.031+0000
UA000000107388895,1.59388E+15,,2024-06-02T16:13:18.031+0000
UA000000107388988,1.59388E+15,,2024-06-02T16:13:18.031+0000
UA000000107388992,1.59388E+15,,2024-06-02T16:13:18.031+0000
UA000000107389221,1.59388E+15,,2024-06-02T16:13:18.031+0000
UA000000107389246,1.59388E+15,,2024-06-02T16:13:18.031+0000
UA000000107389247,1.59388E+15,,2024-06-02T16:13:18.031+0000
UA000000107389370,1.59388E+15,,2024-06-02T16:13:18.031+0000
UA000000107389479,1.59388E+15,,2024-06-02T16:13:18.031+0000
UA000000107389484,1.59388E+15,,2024-06-02T16:13:18.031+0000
UA000000107389601,1.59388E+15,,2024-06-02T16:13:18.031+0000
UA000000107389601,1.59388E+15,ekramer@richardson.info,2024-06-02T16:13:18.031+0000
UA000000107389650,1.59388E+15,,2024-06-02T16:13:18.031+0000
UA000000107389791,1.59388E+15,,2024-06-02T16:13:18.031+0000
UA000000107390028,1.59388E+15,,2024-06-02T16:13:18.031+0000
UA000000107390123,1.59388E+15,,2024-06-02T16:13:18.031+0000
UA000000107390175,1.59388E+15,,2024-06-02T16:13:18.031+0000
UA000000107390177,1.59388E+15,,2024-06-02T16:13:18.031+0000
UA000000107390186,1.59388E+15,,2024-06-02T16:13:18.031+0000
UA000000107390191,1.59388E+15,,2024-06-02T16:13:18.031+0000
UA000000107390217,1.59388E+15,lori9457@yahoo.com,2024-06-02T16:13:18.031+0000
UA000000107390217,1.59388E+15,,2024-06-02T16:13:18.031+0000
UA000000107390251,1.59388E+15,,2024-06-02T16:13:18.031+0000
UA000000107390439,1.59388E+15,,2024-06-02T16:13:18.031+0000
UA000000107390520,1.59388E+15,,2024-06-02T16:13:18.031+0000
UA000000107390606,1.59388E+15,,2024-06-02T16:13:18.031+0000
UA000000107390606,1.59388E+15,ajones@morton.com,2024-06-02T16:13:18.031+0000
UA000000107390607,1.59388E+15,,2024-06-02T16:13:18.031+0000
UA000000107390701,1.59388E+15,,2024-06-02T16:13:18.031+0000
UA000000107390910,1.59388E+15,,2024-06-02T16:13:18.031+0000
UA000000107390948,1.59388E+15,,2024-06-02T16:13:18.031+0000
UA000000107390959,1.59388E+15,,2024-06-02T16:13:18.031+0000
UA000000107390986,1.59388E+15,,2024-06-02T16:13:18.031+0000
UA000000107391024,1.59388E+15,,2024-06-02T16:13:18.031+0000
UA000000107391029,1.59388E+15,,2024-06-02T16:13:18.031+0000
UA000000107391056,1.59388E+15,,2024-06-02T16:13:18.031+0000
UA000000107391091,1.59388E+15,,2024-06-02T16:13:18.031+0000
UA000000107391147,1.59388E+15,,2024-06-02T16:13:18.031+0000
UA000000107391225,1.59388E+15,,2024-06-02T16:13:18.031+0000
UA000000107391237,1.59388E+15,,2024-06-02T16:13:18.031+0000
UA000000107391346,1.59388E+15,,2024-06-02T16:13:18.031+0000
UA000000107391477,1.59388E+15,,2024-06-02T16:13:18.031+0000
UA000000107391477,1.59388E+15,leejohn6@yahoo.com,2024-06-02T16:13:18.031+0000
UA000000107391545,1.59388E+15,,2024-06-02T16:13:18.031+0000
UA000000107391645,1.59388E+15,,2024-06-02T16:13:18.031+0000
UA000000107391700,1.59388E+15,,2024-06-02T16:13:18.031+0000
UA000000107391701,1.59388E+15,,2024-06-02T16:13:18.031+0000
UA000000107391774,1.59388E+15,,2024-06-02T16:13:18.031+0000
UA000000107391893,1.59388E+15,,2024-06-02T16:13:18.031+0000
UA000000107391986,1.59388E+15,,2024-06-02T16:13:18.031+0000
UA000000107392017,1.59388E+15,,2024-06-02T16:13:18.031+0000
UA000000107392095,1.59388E+15,,2024-06-02T16:13:18.031+0000
UA000000107392152,1.59388E+15,,2024-06-02T16:13:18.031+0000
UA000000107392247,1.59388E+15,,2024-06-02T16:13:18.031+0000
UA000000107392254,1.59388E+15,,2024-06-02T16:13:18.031+0000
UA000000107392356,1.59388E+15,,2024-06-02T16:13:18.031+0000
UA000000107392382,1.59388E+15,,2024-06-02T16:13:18.031+0000
UA000000107392467,1.59388E+15,,2024-06-02T16:13:18.031+0000
UA000000107392576,1.59388E+15,,2024-06-02T16:13:18.031+0000
UA000000107392629,1.59388E+15,,2024-06-02T16:13:18.031+0000
UA000000107392695,1.59388E+15,,2024-06-02T16:13:18.031+0000
UA000000107392782,1.59388E+15,,2024-06-02T16:13:18.031+0000
UA000000107392879,1.59388E+15,,2024-06-02T16:13:18.031+0000
UA000000107392936,1.59388E+15,,2024-06-02T16:13:18.031+0000
UA000000107393074,1.59388E+15,,2024-06-02T16:13:18.031+0000
UA000000107393403,1.59388E+15,,2024-06-02T16:13:18.031+0000
UA000000107393660,1.59388E+15,,2024-06-02T16:13:18.031+0000
UA000000107393777,1.59388E+15,fharris@austin.com,2024-06-02T16:13:18.031+0000
UA000000107393777,1.59388E+15,,2024-06-02T16:13:18.031+0000
UA000000107393821,1.59388E+15,,2024-06-02T16:13:18.031+0000
UA000000107393884,1.59388E+15,,2024-06-02T16:13:18.031+0000
UA000000107393942,1.59388E+15,,2024-06-02T16:13:18.031+0000
UA000000107393959,1.59388E+15,,2024-06-02T16:13:18.031+0000
UA000000107393986,1.59388E+15,,2024-06-02T16:13:18.031+0000
UA000000107394284,1.59388E+15,,2024-06-02T16:13:18.031+0000
UA000000107394318,1.59388E+15,,2024-06-02T16:13:18.031+0000
UA000000107394606,1.59388E+15,,2024-06-02T16:13:18.031+0000
UA000000107394625,1.59388E+15,,2024-06-02T16:13:18.031+0000
UA000000107394652,1.59388E+15,,2024-06-02T16:13:18.031+0000
UA000000107394697,1.59388E+15,,2024-06-02T16:13:18.031+0000
UA000000107394726,1.59388E+15,,2024-06-02T16:13:18.031+0000
UA000000107394845,1.59388E+15,,2024-06-02T16:13:18.031+0000
UA000000107395007,1.59388E+15,,2024-06-02T16:13:18.031+0000
UA000000107395106,1.59388E+15,,2024-06-02T16:13:18.031+0000
UA000000107395111,1.59388E+15,,2024-06-02T16:13:18.031+0000
UA000000107395222,1.59388E+15,,2024-06-02T16:13:18.031+0000
UA000000107395432,1.59388E+15,,2024-06-02T16:13:18.031+0000
UA000000107395594,1.59388E+15,,2024-06-02T16:13:18.031+0000
UA000000107395652,1.59388E+15,,2024-06-02T16:13:18.031+0000
UA000000107395671,1.59388E+15,,2024-06-02T16:13:18.031+0000
UA000000107395728,1.59388E+15,,2024-06-02T16:13:18.031+0000
UA000000107395839,1.59388E+15,,2024-06-02T16:13:18.031+0000
UA000000107395929,1.59388E+15,,2024-06-02T16:13:18.031+0000
UA000000107395968,1.59388E+15,,2024-06-02T16:13:18.031+0000
UA000000107396069,1.59388E+15,,2024-06-02T16:13:18.031+0000
UA000000107396293,1.59388E+15,,2024-06-02T16:13:18.031+0000
UA000000107396398,1.59388E+15,,2024-06-02T16:13:18.031+0000
UA000000107396413,1.59388E+15,,2024-06-02T16:13:18.031+0000
UA000000107396440,1.59388E+15,,2024-06-02T16:13:18.031+0000
UA000000107396547,1.59388E+15,,2024-06-02T16:13:18.031+0000
UA000000107396609,1.59388E+15,,2024-06-02T16:13:18.031+0000
UA000000107396896,1.59388E+15,,2024-06-02T16:13:18.031+0000
UA000000107396982,1.59388E+15,,2024-06-02T16:13:18.031+0000
UA000000107397303,1.59388E+15,,2024-06-02T16:13:18.031+0000
UA000000107397388,1.59388E+15,,2024-06-02T16:13:18.031+0000
UA000000107397605,1.59388E+15,,2024-06-02T16:13:18.031+0000
UA000000107397687,1.59388E+15,,2024-06-02T16:13:18.031+0000
UA000000107397773,1.59388E+15,,2024-06-02T16:13:18.031+0000
UA000000107397887,1.59388E+15,,2024-06-02T16:13:18.031+0000
UA000000107397904,1.59388E+15,,2024-06-02T16:13:18.031+0000
UA000000107398008,1.59388E+15,,2024-06-02T16:13:18.031+0000
UA000000107398026,1.59388E+15,,2024-06-02T16:13:18.031+0000
UA000000107398235,1.59388E+15,,2024-06-02T16:13:18.031+0000
UA000000107398271,1.59388E+15,,2024-06-02T16:13:18.031+0000
UA000000107398382,1.59388E+15,,2024-06-02T16:13:18.031+0000
UA000000107398386,1.59388E+15,,2024-06-02T16:13:18.031+0000
UA000000107398532,1.59388E+15,,2024-06-02T16:13:18.031+0000
UA000000107398539,1.59388E+15,,2024-06-02T16:13:18.031+0000
UA000000107398551,1.59388E+15,,2024-06-02T16:13:18.031+0000
UA000000107398598,1.59388E+15,,2024-06-02T16:13:18.031+0000
UA000000107398731,1.59388E+15,,2024-06-02T16:13:18.031+0000
UA000000107398746,1.59388E+15,,2024-06-02T16:13:18.031+0000
UA000000107398783,1.59388E+15,,2024-06-02T16:13:18.031+0000
UA000000107398848,1.59388E+15,,2024-06-02T16:13:18.031+0000
UA000000107398904,1.59388E+15,,2024-06-02T16:13:18.031+0000
UA000000107399008,1.59388E+15,,2024-06-02T16:13:18.031+0000
UA000000107399084,1.59388E+15,,2024-06-02T16:13:18.031+0000
UA000000107399087,1.59388E+15,,2024-06-02T16:13:18.031+0000
UA000000107399369,1.59388E+15,,2024-06-02T16:13:18.031+0000
UA000000107399458,1.59388E+15,suzannemcfarland@yahoo.com,2024-06-02T16:13:18.031+0000
UA000000107399458,1.59388E+15,,2024-06-02T16:13:18.031+0000
UA000000107399507,1.59388E+15,,2024-06-02T16:13:18.031+0000
UA000000107399519,1.59388E+15,,2024-06-02T16:13:18.031+0000
UA000000107399532,1.59388E+15,,2024-06-02T16:13:18.031+0000
UA000000107399685,1.59388E+15,,2024-06-02T16:13:18.031+0000
UA000000107399689,1.59388E+15,,2024-06-02T16:13:18.031+0000
UA000000107399755,1.59388E+15,,2024-06-02T16:13:18.031+0000
UA000000107399863,1.59388E+15,,2024-06-02T16:13:18.031+0000
UA000000107399892,1.59388E+15,,2024-06-02T16:13:18.031+0000
UA000000107399903,1.59388E+15,,2024-06-02T16:13:18.031+0000
UA000000107399985,1.59388E+15,,2024-06-02T16:13:18.031+0000
UA000000107382717,1.59388E+15,schmidttammy@guzman.com,2024-06-02T16:13:18.031+0000
UA000000107382717,1.59388E+15,schmidttammy@guzman.com,2024-06-02T16:13:18.031+0000
UA000000107399985,1.59388E+15,,2024-06-02T16:13:18.031+0000
,,,
,,,
,,,
,, ,
